租户ID,用户名,用户ID
5e04d11101f34444940f5eb35e4c058f,adv_admin,77650c57a22b4bf88f3dda37d1eec460
5e04d11101f34444940f5eb35e4c058f,manage_admin,e95f34f125bb4e9bbca2c48a8ca32daa
5e04d11101f34444940f5eb35e4c058f,manage_admin_re1,9709e13fb5794fe9a1665a3e2970156f
b2773cf96cb940d993d011964ba9c11b,CFWforHCS_adv_admin,9d1eed566a3d4191a90e84afd9cea13d
b2773cf96cb940d993d011964ba9c11b,CFWforHCS_manage_admin,aec8a323854d433b903f548145474a22
75e3ff81586d4733a264515b38994dbe,CFWforHCS_re1_adv_admin,f065be02d64a430b93c9fe4c1ec248cc
75e3ff81586d4733a264515b38994dbe,CFWforHCS_re1_manage_admin,f32744e4673141409718afe186968156
b5aac798fd4c4d5c8047c17f405b2fbc,hlw_tuanshiwei_admin,b176ca7aa1ae48b19cfdf0554c0753ea
bd99d8f835604876acc482ae3c953deb,hlw_weijianwei,b03bd1948dae468c8358e0ec73da6bdf
7da06efa96804eddbacd7b3d69dff658,HLW_kxjsxh,25158d6ed5004011b91999f396a8e2ff
85322c07f69446ef9a8f7dea431c6de5,hlw_jishengxiehui,ae5b3d5ce22c46a5abeaddf6224d0d88
2e9c733654f842458623087f29d4ffa2,HLW_jiaotongjingcha,f8e50affde984b5c95cdc123e9a997a4
10033a68d93d41a3b11516a83bdc41f5,HLW_zhujianju_admin,cdc4a8f7a68945408aef8bd3ddbe65ca
0e15b02c51fe4f9a9f0a775d58d2c1c1,hlw_nongyenongcunju,e70fd7bb7fdc487daef8841f199a81ab
6c92d58d8b22435494041b637b6be079,HLW_yingjiguanli_admin,6cd81adcb1bd408784e007d0b219aa4d
b5413641ea8d4db294a3542e5d5a931f,HLW_zhihui_admin,ee68e56d2d9743598c706e51ad5585b6
8f99a61a236a4b248d479d09b55b5c0e,HLW_shizhengfu_admin,c767ab9bc0384d2c8aea79b838d343ea
802247aae7fe4072a68c2f139109e01f,HLW_suideshiwei_admin,cd8185cedc124177bef447d346162beb
312b20b2f7d442aa9ed57b8206780bf9,HLW_fagaiwei_admin,b70b24264f234274bd49ce3de5cfc24a
172c78251e6b4074ac5b2521508936f3,HLW_sifaju_admin,213fb32983e046c1a9edc2e45112aaf3
fec6fd0d83ff4fe495c2835a454a2074,HLW_dashuju_admin,e5df6143ff7d45b8aac59baac2362708
a2ff4fe923f84ff59306d470236cb69e,HLW_qianxin,cbc790de17a3415daeb0d03cd41e7fe7
53abcbef79064a8380b8b7b2b5b77aa5,HLW_gongxinju_admin,ff4127da077f4fd19422acdba76cec9f
06a8868d304847758b37b2062da52da1,HLW_shirenda_admin,66f244cd7294499c9445523edc35c19b
c300e9f8481c40f980288bcaf88eb4e8,HLW_shichangjiandu_tezhongshebei,e9a61a24863446169328300bc5e74ba2
16cd90dbb45f4511a8fff79f70b4602c,hlw_shiweidangxiao,d7758ce15f0c4db399fb0791f5d38c74
9a9b8d84456f42d885af4d40837fcf6f,HLW_zhigongwei_admin,f6d7e106d9ef4dcb857d18777dd0e6e2
5be391a1d4e84e6989d1fbb03d6490d2,HLW_zonggonghui_admin,ca36c5ae16da4c9fac1d933f3da32328
da8782071a1c4125b293c9f748ed0c57,HLW_database,bfc9b29c14c54368aac16fbca8b576ce
84844560ff834f209a20aa5eb575072e,HLW_wenlvju_admin,c3ebad3065854c389127ca757a3cc8de
755f3bb4c8624566a80810cbd5b54bd0,HLW_jgsw_admin,5c47620dd04e453e88088a83e59eb887
e200292327804e1d8f23aa01f38f9f08,HLW_gongxinju_xinxihuazhongxin,573c09a54e3e4ebb8b450344ea438829
1b4b50b2c617482a9a4c3693b966a968,HLW_funvlianhehui,8d96262c8d8e4665aba3851c121b14c7
0fde8d4986784db09e7a3b4e64e27ec0,hlw_gongqingtuan,0fc135ce0f9344a38a5b02f8ad4638ba
7e57b8ae03864940940b725023e274e9,HLW_shichangjiandu_admin,fa7ad4f04c524a4da3141d318de81991
3176785c7ee8426db43fde8fb651a735,HLW_zonggonghui_gongzuopingtai,9729938b696644f0b4cd71bdc673f204
40f16c9a1da04aa08ea6d91257efc0d1,hlw_zhengxie_admin,6ea8836e4e124dae86b89bc4e4de434c
fc41cb019b0b46248f4d693eb43dba99,hlw_shujuju_admin,c0b8cefb54594d4b8bad0588ae503ef6
47e3ca14cd2f4d5e8bfef13cff68f8ea,HLW_danganguan_admin,963c74247c474b77b5124e92bea45eb5
dc8330b90e684381a8ab3c76301a3eb3,HLW_shuiliju,8b76ae8c094b4b73873f35cc5552f514
a240c48e42174f8ba36e6692fbae30fa,HLW_shengtaihuanjing,035e52da68f6493d87dae6117f6ca3f1
9d4db8f2fc4d4940b0c944b91d216d49,HLW_jiliang_admin,d8505265778b465982822065b6b8d15c
6e2973dc50db4470be660bf205dc3db8,HLW_tuiyijunren_admin,a352bea8231443be8c049fe8bc8b4e7a
e05a915990264fb7bbd91f5fc863f487,HLW_zuzhibu_admin,acdd873ccb834c8480786a9720aa9658
0e8fb0c085d345929e620eb6ddaeffc3,HLW_kejiju_admin,80012c210c2d48f8a7b9689b0aad820d
45341e97a6c44aeba095d2ce3f82eb4f,HLW_mizhizuzhibu_admin,5338a1fd427e487c860e07f464e151d9
43ef3f99eb754a3f835f1af1f68d5ee6,HLW_tongjiju_admin,e404aca2534b493bbc8a0d5a63acf718
ff9c6c26761447f0840bbc0f50eac051,HLW_laoganbuju_admin,76da0850866c4805b03f4dcde44ec2e8
ef2f8007ef094ee788966f196ab368d0,HLW_nengyuanju_admin,0a972fdd8550442f8c271882e63de7c5
024ea0c1da244276b82f483415b4b1ba,HLW_xingzhenshenpi_admin,f16bba781be1411db7ce478a7fc452e9
63ed0e063a9441e7b53d324d4c5cd948,HLW_jinrongju_admin,a0ba255cd7b04e5591a59c7222b79e74
0b010621684f42eda31f28ccf6edfb98,HLW_jinrongju_difangjinrong,8fabc60d4bfb48d38b939f81b0df8f5f
579eed5b0ecc4522be94a16e6da526e1,hlw_shiweixuanchuanbu,43eab8a466f54bbfbd93c1bb2eecbcd4
4b8ba6fa534642aeac07d7c1021222e8,fuguxianzhengfu_admin,21ce6d4bdcc24ea7ac7087fb6eb6a8c6
aa054e177555449bac9840ce3c925657,zhihui_admin,07c8c47125144b16ac3e06d44ef8fd7a
c6167c51c6344bf6bd2ec4c0f2b19cc0,zhihui_xiangmuguanli,70e4ecd35a134305992cfaf3a0040912
1e14bcbe6d9d4627816581a4418f6ca8,weijianwei_admin,21118a9be2844518b284720d89debc45
af8d0794e1c2482887520bf83b13f3b9,qanx_admin,d1a29f47a20b45b7866e038309350da1
eb106225deea4ad5a603f986fe3a2fb4,zhongan_admin,826c8a4e72c34eaf95f1ed886a396b10
10cb3a5825ca427396d691a911b9448b,zhujianju_admin,de0473c6eb684297a182ce3fbf10d8ce
d55b87dab4c549bb8ff67b5ae3b4a010,yingjiguanliju_admin,c2019af905064758aff9fb2af1a3e3cb
8bbd3f8e9b734c6484d7183ef4d0a97f,zhang-admin,88a2b3abc2f540ed953d5c3c8eb01e84
8270d3a7d5a24d27a94c8998c8a88995,fagaiwei_admin,01414a2e0a7245368c3c075e72905e1d
b5594f002d644ca6901f6e3f7462f5a3,fagaiwei_zhihuizhaoshang,4d4927ab79c24f2eb99c1d918ef319a6
3f5a78e2b8434fe597c58651be75cd31,fagaiwei_youhuayingshang,5e87dd7f17b24e47ba37dc0a26fbb1d2
3f5a78e2b8434fe597c58651be75cd31,fagawei_youhuayingshang,145f83a99bac48508c019563dc7dad95
08e99a3212d14dffbf560bec2a7e7d49,fagaiwei_xinyonggongxiang,4c7ad36a419941909b77a272cbf00ab6
1369f068c105413dbeef5b5b07eb7ba1,qianxin,b284bc8f66f04ad7872c1a2362379431
2f3b9a78a4174e9d891c43fdb5bac18c,zuzhibu_admin,b19036e62811421a82667d4b2b3de2c6
eb6e018e34464bbfa4cf9da5816bed9f,database,fdea476299ab4ac3b85b616e266abd5d
2a8ed86985994f4cb47d111641afde28,ren-admin,97098a42d14a431988b487964e6a2515
a5e260d23f454e879f199f9cbeec814b,oa-admin,b6dfa9ceb0e44c0b8d2b8798daabc4cd
ee02c4ff3e8a424ea617e79230fc64d6,shichangjiandu_admin,f11a82d5d1144536b40506a8738e4511
d1c8db328a684879a0035baff0fffca0,shizhengfu_admin,f1a76f685ed74a4eba45f5b802e99276
bfaaf9a19b9049bc86715842b8479251,shujuju_admin,6b4d212338ab4c71b53cf259aff43643
929094c2d1c44fcfb9497328d1d00d7f,danganguan_admin,6b9edc0be9ca443098d3061857b0599f
fd470431287a4b50bcb485bfe02ed3e7,shuiliju_admin,1be3213a1e82405d9ec64695caca05d0
c94fb16ddea549c2b39e38d9fb38b8c8,yulinshinengyuanju_admin,04f36b95399746f3b4a08297502fb4ce
cc03c361d03a408a9bbdfe14ba380e2b,xingzhengshenpiju_admin,072902f4cdf74af78efc067e73c8a5fb
336deabdcdf44a1382ed6260a39fd699,wlgj_admin,898a845f4306466684fc9df44e1eed11
562ad5e2696a44c885b0802cd4c1a4fe,web-admin,3c0fce005dd547df9d6f9cb1a12cfa45
261a3e1b06594740af702ea0e75cd141,WPS_admin,8f3594ec76bf4fce929126decc3d7d5b
31c59242696844de87b460500a5bc88a,weilaiguoji,0e46adee6e774680b096eb8987ac5a23
0aca966ab76940b3b532436eb513ecda,jiaotongyunshuju_admin,74f391536b6949d298ebdc089b3a66f6
7d88590f7be441cdb660b21f4e86786f,hlw_shiweidangshiyanjiu,55c244f08c7b4a149e77bb29e6a65599
